{
  "IcoMoonType": "selection",
  "icons": [
    {
      "icon": {
        "paths": [
          "M1024 590.444l-512-397.426-512 397.428v-162.038l512-397.426 512 397.428zM896 576v384h-256v-256h-256v256h-256v-384l384-288z"
        ],
        "tags": [
          "home",
          "house"
        ],
        "defaultCode": 59648,
        "grid": 16,
        "attrs": []
      },
      "attrs": [],
      "properties": {
        "ligatures": "home, house",
        "name": "home",
        "order": 15,
        "id": 1,
        "prevSize": 32,
        "code": 59648
      },
      "setIdx": 0,
      "setId": 1,
      "iconIdx": 0
    },
    {
      "icon": {
        "paths": [
          "M896 128v832h-672c-53.026 0-96-42.98-96-96s42.974-96 96-96h608v-768h-640c-70.398 0-128 57.6-128 128v768c0 70.4 57.602 128 128 128h768v-896h-64z",
          "M224.056 832v0c-0.018 0.002-0.038 0-0.056 0-17.672 0-32 14.326-32 32s14.328 32 32 32c0.018 0 0.038-0.002 0.056-0.002v0.002h607.89v-64h-607.89z"
        ],
        "tags": [
          "book",
          "read",
          "reading"
        ],
        "defaultCode": 59679,
        "grid": 16,
        "attrs": []
      },
      "attrs": [],
      "properties": {
        "ligatures": "book, read",
        "name": "book",
        "order": 12,
        "id": 32,
        "prevSize": 32,
        "code": 59679
      },
      "setIdx": 0,
      "setId": 1,
      "iconIdx": 31
    },
    {
      "icon": {
        "paths": [
          "M704 640c-64 64-64 128-128 128s-128-64-192-128-128-128-128-192 64-64 128-128-128-256-192-256-192 192-192 192c0 128 131.5 387.5 256 512s384 256 512 256c0 0 192-128 192-192s-192-256-256-192z"
        ],
        "tags": [
          "phone",
          "telephone",
          "contact",
          "support",
          "call"
        ],
        "defaultCode": 59714,
        "grid": 16,
        "attrs": []
      },
      "attrs": [],
      "properties": {
        "ligatures": "phone, telephone",
        "name": "phone",
        "order": 14,
        "id": 67,
        "prevSize": 32,
        "code": 32
      },
      "setIdx": 0,
      "setId": 1,
      "iconIdx": 66
    },
    {
      "icon": {
        "paths": [
          "M512 0c-176.732 0-320 143.268-320 320 0 320 320 704 320 704s320-384 320-704c0-176.732-143.27-320-320-320zM512 512c-106.040 0-192-85.96-192-192s85.96-192 192-192 192 85.96 192 192-85.96 192-192 192z"
        ],
        "tags": [
          "location",
          "map-marker",
          "pin"
        ],
        "defaultCode": 59719,
        "grid": 16,
        "attrs": []
      },
      "attrs": [],
      "properties": {
        "ligatures": "location, map-marker",
        "name": "location",
        "order": 18,
        "id": 72,
        "prevSize": 32,
        "code": 64
      },
      "setIdx": 0,
      "setId": 1,
      "iconIdx": 71
    },
    {
      "icon": {
        "paths": [
          "M320 384h128v128h-128zM512 384h128v128h-128zM704 384h128v128h-128zM128 768h128v128h-128zM320 768h128v128h-128zM512 768h128v128h-128zM320 576h128v128h-128zM512 576h128v128h-128zM704 576h128v128h-128zM128 576h128v128h-128zM832 0v64h-128v-64h-448v64h-128v-64h-128v1024h960v-1024h-128zM896 960h-832v-704h832v704z"
        ],
        "tags": [
          "calendar",
          "date",
          "schedule",
          "time",
          "day"
        ],
        "defaultCode": 59731,
        "grid": 16,
        "attrs": []
      },
      "attrs": [],
      "properties": {
        "ligatures": "calendar, date",
        "name": "calendar",
        "order": 6,
        "id": 84,
        "prevSize": 32,
        "code": 80
      },
      "setIdx": 0,
      "setId": 1,
      "iconIdx": 83
    },
    {
      "icon": {
        "paths": [
          "M0 64v640h1024v-640h-1024zM960 640h-896v-512h896v512zM672 768h-320l-32 128-64 64h512l-64-64z"
        ],
        "tags": [
          "display",
          "screen",
          "monitor",
          "computer",
          "desktop",
          "pc"
        ],
        "defaultCode": 59734,
        "grid": 16,
        "attrs": []
      },
      "attrs": [],
      "properties": {
        "ligatures": "display, screen",
        "name": "display",
        "order": 10,
        "id": 87,
        "prevSize": 32,
        "code": 96
      },
      "setIdx": 0,
      "setId": 1,
      "iconIdx": 86
    },
    {
      "icon": {
        "width": 1152,
        "paths": [
          "M768 770.612v-52.78c70.498-39.728 128-138.772 128-237.832 0-159.058 0-288-192-288s-192 128.942-192 288c0 99.060 57.502 198.104 128 237.832v52.78c-217.102 17.748-384 124.42-384 253.388h896c0-128.968-166.898-235.64-384-253.388z",
          "M327.196 795.328c55.31-36.15 124.080-63.636 199.788-80.414-15.054-17.784-28.708-37.622-40.492-59.020-30.414-55.234-46.492-116.058-46.492-175.894 0-86.042 0-167.31 30.6-233.762 29.706-64.504 83.128-104.496 159.222-119.488-16.914-76.48-61.94-126.75-181.822-126.75-192 0-192 128.942-192 288 0 99.060 57.502 198.104 128 237.832v52.78c-217.102 17.748-384 124.42-384 253.388h279.006c14.518-12.91 30.596-25.172 48.19-36.672z"
        ],
        "tags": [
          "users",
          "group",
          "team",
          "members",
          "community",
          "collaborate"
        ],
        "defaultCode": 59762,
        "grid": 16,
        "attrs": []
      },
      "attrs": [],
      "properties": {
        "ligatures": "users, group",
        "name": "users",
        "order": 5,
        "id": 115,
        "prevSize": 32,
        "code": 112
      },
      "setIdx": 0,
      "setId": 1,
      "iconIdx": 114
    },
    {
      "icon": {
        "paths": [
          "M320 192c0-106.039 85.961-192 192-192s192 85.961 192 192c0 106.039-85.961 192-192 192s-192-85.961-192-192zM768.078 448h-35.424l-199.104 404.244 74.45-372.244-96-96-96 96 74.45 372.244-199.102-404.244h-35.424c-127.924 0-127.924 85.986-127.924 192v320h768v-320c0-106.014 0-192-127.922-192z"
        ],
        "tags": [
          "user-tie",
          "user",
          "user-employee",
          "profile",
          "avatar",
          "person",
          "member",
          "job",
          "official"
        ],
        "defaultCode": 59766,
        "grid": 16,
        "attrs": []
      },
      "attrs": [],
      "properties": {
        "ligatures": "user-tie, user5",
        "name": "user-tie",
        "order": 16,
        "id": 119,
        "prevSize": 32,
        "code": 59766
      },
      "setIdx": 0,
      "setId": 1,
      "iconIdx": 118
    },
    {
      "icon": {
        "paths": [
          "M832 192v-128h-640v128h-192v128c0 106.038 85.958 192 192 192 20.076 0 39.43-3.086 57.62-8.802 46.174 66.008 116.608 113.796 198.38 130.396v198.406h-64c-70.694 0-128 57.306-128 128h512c0-70.694-57.306-128-128-128h-64v-198.406c81.772-16.6 152.206-64.386 198.38-130.396 18.19 5.716 37.544 8.802 57.62 8.802 106.042 0 192-85.962 192-192v-128h-192zM192 436c-63.962 0-116-52.038-116-116v-64h116v64c0 40.186 7.43 78.632 20.954 114.068-6.802 1.246-13.798 1.932-20.954 1.932zM948 320c0 63.962-52.038 116-116 116-7.156 0-14.152-0.686-20.954-1.932 13.524-35.436 20.954-73.882 20.954-114.068v-64h116v64z"
        ],
        "tags": [
          "trophy",
          "cup",
          "prize",
          "award",
          "winner",
          "tournament"
        ],
        "defaultCode": 59806,
        "grid": 16,
        "attrs": []
      },
      "attrs": [],
      "properties": {
        "ligatures": "trophy, cup",
        "name": "trophy",
        "order": 7,
        "id": 159,
        "prevSize": 32,
        "code": 128
      },
      "setIdx": 0,
      "setId": 1,
      "iconIdx": 158
    },
    {
      "icon": {
        "paths": [
          "M960 256h-256v-64c0-35.2-28.8-64-64-64h-256c-35.204 0-64 28.8-64 64v64h-256c-35.2 0-64 28.8-64 64v576c0 35.202 28.796 64 64 64h896c35.2 0 64-28.798 64-64v-576c0-35.2-28.8-64-64-64zM384 192.116c0.034-0.040 0.074-0.082 0.114-0.116h255.772c0.042 0.034 0.082 0.076 0.118 0.116v63.884h-256.004v-63.884zM960 512h-128v96c0 17.602-14.4 32-32 32h-64c-17.604 0-32-14.398-32-32v-96h-384v96c0 17.602-14.4 32-32 32h-64c-17.602 0-32-14.398-32-32v-96h-128v-64h896v64z"
        ],
        "tags": [
          "briefcase",
          "portfolio",
          "suitcase",
          "work",
          "job",
          "employee"
        ],
        "defaultCode": 59822,
        "grid": 16,
        "attrs": []
      },
      "attrs": [],
      "properties": {
        "ligatures": "briefcase, portfolio",
        "name": "briefcase",
        "order": 8,
        "id": 175,
        "prevSize": 32,
        "code": 144
      },
      "setIdx": 0,
      "setId": 1,
      "iconIdx": 174
    },
    {
      "icon": {
        "paths": [
          "M1024 576l-128-256h-192v-128c0-35.2-28.8-64-64-64h-576c-35.2 0-64 28.8-64 64v512l64 64h81.166c-10.898 18.832-17.166 40.678-17.166 64 0 70.692 57.308 128 128 128s128-57.308 128-128c0-23.322-6.268-45.168-17.166-64h354.334c-10.898 18.832-17.168 40.678-17.168 64 0 70.692 57.308 128 128 128s128-57.308 128-128c0-23.322-6.27-45.168-17.168-64h81.168v-192zM704 576v-192h132.668l96 192h-228.668z"
        ],
        "tags": [
          "truck",
          "transit",
          "transport",
          "delivery",
          "vehicle"
        ],
        "defaultCode": 59824,
        "grid": 16,
        "attrs": []
      },
      "attrs": [],
      "properties": {
        "ligatures": "truck, transit",
        "name": "truck",
        "order": 11,
        "id": 177,
        "prevSize": 32,
        "code": 37
      },
      "setIdx": 0,
      "setId": 1,
      "iconIdx": 176
    },
    {
      "icon": {
        "paths": [
          "M128 256h128v192h64v-384c0-35.2-28.8-64-64-64h-128c-35.2 0-64 28.8-64 64v384h64v-192zM128 64h128v128h-128v-128zM960 64v-64h-192c-35.202 0-64 28.8-64 64v320c0 35.2 28.798 64 64 64h192v-64h-192v-320h192zM640 160v-96c0-35.2-28.8-64-64-64h-192v448h192c35.2 0 64-28.8 64-64v-96c0-35.2-8.8-64-44-64 35.2 0 44-28.8 44-64zM576 384h-128v-128h128v128zM576 192h-128v-128h128v128zM832 576l-416 448-224-288 82-70 142 148 352-302z"
        ],
        "tags": [
          "spell-check",
          "spelling",
          "correct"
        ],
        "defaultCode": 59922,
        "grid": 16,
        "attrs": []
      },
      "attrs": [],
      "properties": {
        "ligatures": "spell-check, spelling",
        "name": "spell-check",
        "order": 9,
        "id": 275,
        "prevSize": 32,
        "code": 53
      },
      "setIdx": 0,
      "setId": 1,
      "iconIdx": 274
    },
    {
      "icon": {
        "paths": [
          "M512 0c-282.77 0-512 229.23-512 512s229.23 512 512 512 512-229.23 512-512-229.23-512-512-512zM256 256h512c9.138 0 18.004 1.962 26.144 5.662l-282.144 329.168-282.144-329.17c8.14-3.696 17.006-5.66 26.144-5.66zM192 704v-384c0-1.34 0.056-2.672 0.14-4l187.664 218.942-185.598 185.598c-1.444-5.336-2.206-10.886-2.206-16.54zM768 768h-512c-5.654 0-11.202-0.762-16.54-2.208l182.118-182.118 90.422 105.498 90.424-105.494 182.116 182.12c-5.34 1.44-10.886 2.202-16.54 2.202zM832 704c0 5.654-0.762 11.2-2.206 16.54l-185.6-185.598 187.666-218.942c0.084 1.328 0.14 2.66 0.14 4v384z"
        ],
        "tags": [
          "mail",
          "contact",
          "support",
          "newsletter",
          "letter",
          "email",
          "envelop",
          "social"
        ],
        "defaultCode": 60038,
        "grid": 16,
        "attrs": []
      },
      "attrs": [],
      "properties": {
        "ligatures": "mail5, contact5",
        "name": "mail4",
        "order": 20,
        "id": 391,
        "prevSize": 32,
        "code": 60038
      },
      "setIdx": 0,
      "setId": 1,
      "iconIdx": 390
    }
  ],
  "height": 1024,
  "metadata": {
    "name": "icomoon"
  },
  "preferences": {
    "showGlyphs": true,
    "showQuickUse": true,
    "showQuickUse2": true,
    "showSVGs": true,
    "fontPref": {
      "prefix": "icon-",
      "metadata": {
        "fontFamily": "icomoon"
      },
      "metrics": {
        "emSize": 1024,
        "baseline": 6.25,
        "whitespace": 50
      },
      "embed": false
    },
    "imagePref": {
      "prefix": "icon-",
      "png": true,
      "useClassSelector": true,
      "color": 0,
      "bgColor": 16777215,
      "classSelector": ".icon",
      "name": "icomoon",
      "height": 32,
      "columns": 16,
      "margin": 16
    },
    "historySize": 50,
    "showCodes": true,
    "gridSize": 16
  }
}